{
  "token_acc": 1.0,
  "token_p": 0.9988117635,
  "token_r": 0.9995045581,
  "token_f": 0.9991580407,
  "pos_acc": 0.9690905488,
  "morph_acc": 0.9555698648,
  "morph_micro_p": 0.9796815221,
  "morph_micro_r": 0.9763499588,
  "morph_micro_f": 0.9780129032,
  "morph_per_feat": {
    "Mood": {
      "p": 0.9757281553,
      "r": 0.9721886336,
      "f": 0.9739551787
    },
    "Number": {
      "p": 0.9929522318,
      "r": 0.9873851425,
      "f": 0.9901608621
    },
    "Person": {
      "p": 0.9753218884,
      "r": 0.9701173959,
      "f": 0.9727126806
    },
    "Tense": {
      "p": 0.9388535032,
      "r": 0.9697368421,
      "f": 0.9540453074
    },
    "VerbForm": {
      "p": 0.968627451,
      "r": 0.9786053883,
      "f": 0.9735908553
    },
    "Gender": {
      "p": 0.9670202507,
      "r": 0.9588831517,
      "f": 0.9629345112
    },
    "PronType": {
      "p": 0.9906347555,
      "r": 0.9839793282,
      "f": 0.9872958258
    },
    "Definite": {
      "p": 0.9972807614,
      "r": 0.993902439,
      "f": 0.9955887343
    },
    "NumType": {
      "p": 0.9642857143,
      "r": 0.9737704918,
      "f": 0.969004894
    },
    "Voice": {
      "p": 0.9294117647,
      "r": 0.9186046512,
      "f": 0.9239766082
    },
    "Polarity": {
      "p": 1.0,
      "r": 1.0,
      "f": 1.0
    },
    "Case": {
      "p": 0.9285714286,
      "r": 0.9285714286,
      "f": 0.9285714286
    }
  },
  "sents_p": 0.9384819571,
  "sents_r": 0.9612742036,
  "sents_f": 0.9497413558,
  "dep_uas": 0.8974935177,
  "dep_las": 0.8576202823,
  "dep_las_per_type": {
    "cop": {
      "p": 0.8516129032,
      "r": 0.9361702128,
      "f": 0.8918918919
    },
    "root": {
      "p": 0.9249084249,
      "r": 0.9017857143,
      "f": 0.9132007233
    },
    "det": {
      "p": 0.966923925,
      "r": 0.9626783754,
      "f": 0.9647964796
    },
    "amod": {
      "p": 0.9359605911,
      "r": 0.9268292683,
      "f": 0.931372549
    },
    "nsubj": {
      "p": 0.8836805556,
      "r": 0.8883071553,
      "f": 0.8859878155
    },
    "case": {
      "p": 0.9726636999,
      "r": 0.9763880026,
      "f": 0.974522293
    },
    "nmod": {
      "p": 0.8120218579,
      "r": 0.8273942094,
      "f": 0.8196359625
    },
    "flat:name": {
      "p": 0.8596491228,
      "r": 0.8909090909,
      "f": 0.875
    },
    "acl": {
      "p": 0.5925925926,
      "r": 0.5517241379,
      "f": 0.5714285714
    },
    "advmod": {
      "p": 0.7982954545,
      "r": 0.7982954545,
      "f": 0.7982954545
    },
    "obl": {
      "p": 0.6765873016,
      "r": 0.7016460905,
      "f": 0.6888888889
    },
    "conj": {
      "p": 0.6206896552,
      "r": 0.5977859779,
      "f": 0.6090225564
    },
    "cc": {
      "p": 0.8965517241,
      "r": 0.9043478261,
      "f": 0.9004329004
    },
    "obj": {
      "p": 0.8626262626,
      "r": 0.8227360308,
      "f": 0.842209073
    },
    "obl:agent": {
      "p": 0.7647058824,
      "r": 0.8666666667,
      "f": 0.8125
    },
    "acl:relcl": {
      "p": 0.7247706422,
      "r": 0.7452830189,
      "f": 0.7348837209
    },
    "mark": {
      "p": 0.8916256158,
      "r": 0.8457943925,
      "f": 0.8681055156
    },
    "advcl": {
      "p": 0.5507246377,
      "r": 0.6785714286,
      "f": 0.608
    },
    "xcomp": {
      "p": 0.8,
      "r": 0.736,
      "f": 0.7666666667
    },
    "iobj": {
      "p": 0.5555555556,
      "r": 0.2272727273,
      "f": 0.3225806452
    },
    "appos": {
      "p": 0.6035502959,
      "r": 0.6219512195,
      "f": 0.6126126126
    },
    "fixed": {
      "p": 0.7222222222,
      "r": 0.6964285714,
      "f": 0.7090909091
    },
    "nummod": {
      "p": 0.9801324503,
      "r": 0.9487179487,
      "f": 0.9641693811
    },
    "dep": {
      "p": 0.0,
      "r": 0.0,
      "f": 0.0
    },
    "aux": {
      "p": 0.9365079365,
      "r": 0.9516129032,
      "f": 0.944
    },
    "csubj": {
      "p": 0.375,
      "r": 0.375,
      "f": 0.375
    },
    "ccomp": {
      "p": 0.7037037037,
      "r": 0.6333333333,
      "f": 0.6666666667
    },
    "orphan": {
      "p": 0.0,
      "r": 0.0,
      "f": 0.0
    },
    "flat": {
      "p": 1.0,
      "r": 1.0,
      "f": 1.0
    },
    "aux:pass": {
      "p": 1.0,
      "r": 0.9705882353,
      "f": 0.9850746269
    },
    "nsubj:pass": {
      "p": 0.8823529412,
      "r": 0.8333333333,
      "f": 0.8571428571
    },
    "parataxis": {
      "p": 0.4153846154,
      "r": 0.3802816901,
      "f": 0.3970588235
    },
    "list": {
      "p": 0.0,
      "r": 0.0,
      "f": 0.0
    },
    "expl": {
      "p": 0.8260869565,
      "r": 1.0,
      "f": 0.9047619048
    },
    "compound": {
      "p": 1.0,
      "r": 0.6,
      "f": 0.75
    },
    "vocative": {
      "p": 0.0,
      "r": 0.0,
      "f": 0.0
    },
    "discourse": {
      "p": 0.0,
      "r": 0.0,
      "f": 0.0
    },
    "expl:pass": {
      "p": 0.0,
      "r": 0.0,
      "f": 0.0
    },
    "flat:foreign": {
      "p": 1.0,
      "r": 1.0,
      "f": 1.0
    }
  },
  "tag_acc": 0.8947889836,
  "lemma_acc": 0.7672725472,
  "ents_p": 0.8951731436,
  "ents_r": 0.8989431838,
  "ents_f": 0.8970542027,
  "ents_per_type": {
    "LOC": {
      "p": 0.9131171346,
      "r": 0.9286568214,
      "f": 0.9208214211
    },
    "PER": {
      "p": 0.9103981381,
      "r": 0.9243037975,
      "f": 0.9172982706
    },
    "ORG": {
      "p": 0.8526145303,
      "r": 0.8230958231,
      "f": 0.8375951813
    },
    "MISC": {
      "p": 0.8050434783,
      "r": 0.7656301687,
      "f": 0.7848423194
    }
  },
  "speed": 8593.27430772
}